{
"thid": "##CSIDX##",
"type": "##CLIENTTYPE##",
"name": "##CLIENTUSER##",
"desc": "##CLIENTDESCRIPTION##",
"protocol": "##CLIENTPROTO##",
"protocolext": "##CLIENTPROTOTITLE##",
"au": "##CLIENTCAU##",
"request": {
    "caid": "##CLIENTCAID##",
    "srvid": "##CLIENTSRVID##",
    "ecmtime": "##CLIENTLASTRESPONSETIME##",
    "ecmhistory": "##CLIENTLASTRESPONSETIMEHIST##",
    "answered": "##LASTREADER##",
    "$": "##CLIENTSRVPROVIDER####CLIENTSRVNAME##"
},
"times": {
    "login": "##CLIENTLOGINDATE##",
    "online": "##CLIENTLOGINSECS##",
    "idle": "##CLIENTIDLESECS##"
},
"connection": {
    "ip": "##CLIENTIP##",
    "port": "##CLIENTPORT##",
    "$": "##CLIENTCON##"
}
}##JSONARRAYDELIMITER##
