##TPLAPIHEADER##
    <users>
##APIUSERCONFIGS##
    </users>
    <totals>
        <cwok>##TOTAL_CWOK##</cwok>
        <cwnok>##TOTAL_CWNOK##</cwnok>
        <cwignore>##TOTAL_CWIGN##</cwignore>
        <cwtimeout>##TOTAL_CWTOUT##</cwtimeout>
        <cwcache>##TOTAL_CWCACHE##</cwcache>
        <cwtun>##TOTAL_CWTUN##</cwtun>
        <usertotal>##TOTAL_USERS##</usertotal>
        <userdisabled>##TOTAL_DISABLED##</userdisabled>
        <userexpired>##TOTAL_EXPIRED##</userexpired>
        <useractive>##TOTAL_ACTIVE##</useractive>
        <userconnected>##TOTAL_CONNECTED##</userconnected>
        <useronline>##TOTAL_ONLINE##</useronline>
    </totals>
##TPLAPIFOOTER##
