        <user name="##USERNAME##" status="##STATUS##" ip="##CLIENTIP##" protocol="##CLIENTPROTO##">
            <stats>
                <cwok>##CWOK##</cwok>
                <cwnok>##CWNOK##</cwnok>
                <cwignore>##CWIGN##</cwignore>
                <cwtimeout>##CWTOUT##</cwtimeout>
                <cwcache>##CWCACHE##</cwcache>
                <cwtun>##CWTUN##</cwtun>
                <cwlastresptime>##CWLASTRESPONSET##</cwlastresptime>
                <emmok>##EMMOK##</emmok>
                <emmnok>##EMMNOK##</emmnok>
                <cwrate>##CWRATE##</cwrate>
                <timeonchannel>##CLIENTTIMEONCHANNELAPI##</timeonchannel>
                <expectsleep>##CLIENTTIMETOSLEEPAPI##</expectsleep>
            </stats>
        </user>
